College,Year,BannerMajor,CodedMajor,Semester,AY
AS,Junior,Computer Science,Computer Science,F14,2014-2015
AS,Junior,"Mathematics, General Mathematics",Mathematical Sciences,F14,2014-2015
AS,Senior,Computer Science,Computer Science,F14,2014-2015
AS,Junior,"Mathematics, Statistics",Mathematical Sciences,F14,2014-2015
AS,Senior,Computer Science,Computer Science,F14,2014-2015
AS,Sophomore,Computer Science,Computer Science,F14,2014-2015
AS,Junior,Actuarial Science,Mathematical Sciences,F14,2014-2015
AS,Senior,Computer Science,Computer Science,F14,2014-2015
AS,Senior,Computer Science,Computer Science,F14,2014-2015
AS,Senior,Computer Science,Computer Science,F14,2014-2015
AS,Junior,"Mathematics, Life Sciences",Mathematical Sciences,F14,2014-2015
AS,Senior,Computer Science,Computer Science,F14,2014-2015
AS,Junior,"Mathematics, Statistics",Mathematical Sciences,F14,2014-2015
AS,Senior,Computer Science,Computer Science,F14,2014-2015
AS,Junior,Statistics,Mathematical Sciences,F14,2014-2015
AS,Sophomore,Actuarial Science,Mathematical Sciences,F14,2014-2015
AS,Senior,Computer Science,Computer Science,F14,2014-2015
AS,Senior,Environmental Science,Other Sciences,F14,2014-2015
AS,Junior,Computer Science,Computer Science,F14,2014-2015
GC,Junior,"Mathematics, General Mathematics",Mathematical Sciences,F14,2014-2015
AS,Senior,Computer Science,Computer Science,F14,2014-2015
AS,Senior,Computer Science,Computer Science,F14,2014-2015
HS,Junior,"Exercise Science, Pre-Professional",Other Sciences,F14,2014-2015
AS,Senior,Computer Science,Computer Science,F14,2014-2015
AS,Sophomore,Actuarial Science,Mathematical Sciences,F14,2014-2015
AS,Senior,Computer Science,Computer Science,F14,2014-2015
AS,Senior,Computer Science,Computer Science,F14,2014-2015
AS,Senior,"Mathematics, General Mathematics",Mathematical Sciences,F14,2014-2015
AS,Sophomore,Actuarial Science,Mathematical Sciences,F14,2014-2015
AS,Senior,Computer Science,Computer Science,F14,2014-2015
AS,Junior,Computer Science,Computer Science,F14,2014-2015
AS,Junior,"Mathematics, Business",Mathematical Sciences,F14,2014-2015
AS,Senior,Computer Science,Computer Science,F14,2014-2015
AS,Senior,Computer Science,Computer Science,F14,2014-2015
AS,Senior,Computer Science,Computer Science,F14,2014-2015
AS,Sophomore,Computer Science,Computer Science,F14,2014-2015
AS,Senior,"Mathematics, Computation",Mathematical Sciences,F14,2014-2015
AS,Senior,Computer Science,Computer Science,F14,2014-2015
AS,Senior,Computer Science,Computer Science,F14,2014-2015
AS,Sophomore,Actuarial Science,Mathematical Sciences,F14,2014-2015
AS,Junior,Actuarial Science,Mathematical Sciences,F14,2014-2015
AS,Senior,"Mathematics, Business",Mathematical Sciences,F14,2014-2015
AS,Senior,Computer Science,Computer Science,F14,2014-2015
GC,Sophomore,Actuarial Science,Mathematical Sciences,F14,2014-2015
AS,Junior,"Chemistry, Preprofessional & Paramedical",Other Sciences,F14,2014-2015
AS,Junior,Computer Science,Computer Science,F14,2014-2015
AS,Senior,Computer Science,Computer Science,F14,2014-2015
AS,Senior,Computer Science,Computer Science,F14,2014-2015
AS,Senior,Computer Science,Computer Science,F14,2014-2015
AS,Junior,Computer Science,Computer Science,F14,2014-2015
AS,Senior,"Mathematics, General Mathematics",Mathematical Sciences,F14,2014-2015
AS,Senior,Computer Science,Computer Science,F14,2014-2015
AS,Senior,Computer Science,Computer Science,F14,2014-2015
AS,Senior,Computer Science,Computer Science,F14,2014-2015
AS,Junior,Computer Science,Computer Science,F14,2014-2015
AS,Senior,Computer Science,Computer Science,F14,2014-2015
AS,Junior,Actuarial Science,Mathematical Sciences,F14,2014-2015
AS,Senior,Computer Science,Computer Science,F14,2014-2015
AS,Sophomore,Actuarial Science,Mathematical Sciences,F14,2014-2015
AS,Senior,"Physics, Applied Physics",Other Sciences,F14,2014-2015
AS,Senior,Computer Science,Computer Science,F14,2014-2015
AS,Junior,"Mathematics, Business",Mathematical Sciences,F14,2014-2015
AS,Senior,Computer Science,Computer Science,F14,2014-2015
AS,Sophomore,Actuarial Science,Mathematical Sciences,F14,2014-2015
AS,Sophomore,Computer Science,Computer Science,F14,2014-2015
AS,Junior,"Mathematics, Business",Mathematical Sciences,F14,2014-2015
AS,Junior,Computer Science,Computer Science,F14,2014-2015
AS,Senior,Computer Science,Computer Science,F14,2014-2015
AS,Junior,Computer Science,Computer Science,F14,2014-2015
AS,Junior,Computer Science,Computer Science,S15,2014-2015
AS,Junior,Computer Science,Computer Science,S15,2014-2015
AS,Junior,Computer Science,Computer Science,S15,2014-2015
AS,Junior,Computer Science,Computer Science,S15,2014-2015
AS,Junior,Computer Science,Computer Science,S15,2014-2015
AS,Junior,Computer Science,Computer Science,S15,2014-2015
AS,Junior,Computer Science,Computer Science,S15,2014-2015
AS,Junior,Computer Science,Computer Science,S15,2014-2015
AS,Junior,Computer Science,Computer Science,S15,2014-2015
AS,Junior,Computer Science,Computer Science,S15,2014-2015
AS,Junior,Computer Science,Computer Science,S15,2014-2015
AS,Junior,Computer Science,Computer Science,S15,2014-2015
AS,Junior,Computer Science,Computer Science,S15,2014-2015
AS,Junior,Computer Science,Computer Science,S15,2014-2015
AS,Junior,Computer Science,Computer Science,S15,2014-2015
AS,Junior,Computer Science,Computer Science,S15,2014-2015
AS,Junior,Computer Science,Computer Science,S15,2014-2015
AS,Senior,Computer Science,Computer Science,S15,2014-2015
AS,Senior,Computer Science,Computer Science,S15,2014-2015
AS,Senior,Computer Science,Computer Science,S15,2014-2015
AS,Senior,Computer Science,Computer Science,S15,2014-2015
AS,Senior,Computer Science,Computer Science,S15,2014-2015
AS,Senior,Computer Science,Computer Science,S15,2014-2015
AS,Senior,Computer Science,Computer Science,S15,2014-2015
AS,Senior,Computer Science,Computer Science,S15,2014-2015
AS,Senior,Computer Science,Computer Science,S15,2014-2015
AS,Senior,Computer Science,Computer Science,S15,2014-2015
AS,Senior,Computer Science,Computer Science,S15,2014-2015
AS,Senior,Computer Science,Computer Science,S15,2014-2015
AS,Senior,Computer Science,Computer Science,S15,2014-2015
AS,Senior,Computer Science,Computer Science,S15,2014-2015
AS,Senior,Computer Science,Computer Science,S15,2014-2015
AS,Senior,Computer Science,Computer Science,S15,2014-2015
AS,Senior,Computer Science,Computer Science,S15,2014-2015
AS,Sophomore,Computer Science,Computer Science,S15,2014-2015
GC,Sophomore,Computer Science,Computer Science,S15,2014-2015
AS,Sophomore,Computer Science,Computer Science,S15,2014-2015
AS,Sophomore,Computer Science,Computer Science,S15,2014-2015
AS,Sophomore,Computer Science,Computer Science,S15,2014-2015
AS,Sophomore,Computer Science,Computer Science,S15,2014-2015
AS,Junior,Actuarial Science,Mathematical Sciences,S15,2014-2015
AS,Junior,Actuarial Science,Mathematical Sciences,S15,2014-2015
AS,Junior,Actuarial Science,Mathematical Sciences,S15,2014-2015
AS,Senior,Actuarial Science,Mathematical Sciences,S15,2014-2015
AS,Sophomore,Actuarial Science,Mathematical Sciences,S15,2014-2015
AS,Sophomore,Actuarial Science,Mathematical Sciences,S15,2014-2015
AS,Sophomore,Actuarial Science,Mathematical Sciences,S15,2014-2015
AS,Sophomore,Actuarial Science,Mathematical Sciences,S15,2014-2015
AS,Junior,"Mathematics, Business",Mathematical Sciences,S15,2014-2015
AS,Junior,"Mathematics, Business",Mathematical Sciences,S15,2014-2015
AS,Junior,"Mathematics, Business",Mathematical Sciences,S15,2014-2015
AS,Junior,"Mathematics, Computation",Mathematical Sciences,S15,2014-2015
AS,Junior,"Mathematics, General Mathematics",Mathematical Sciences,S15,2014-2015
AS,Junior,"Mathematics, General Mathematics",Mathematical Sciences,S15,2014-2015
AS,Junior,"Mathematics, Life Sciences",Mathematical Sciences,S15,2014-2015
AS,Junior,"Mathematics, Sec Education",Mathematical Sciences,S15,2014-2015
AS,Junior,"Mathematics, Statistics",Mathematical Sciences,S15,2014-2015
AS,Senior,Mathematics,Mathematical Sciences,S15,2014-2015
AS,Senior,"Mathematics, Business",Mathematical Sciences,S15,2014-2015
AS,Senior,"Mathematics, General Mathematics",Mathematical Sciences,S15,2014-2015
AS,Senior,"Mathematics, Physical Sciences",Mathematical Sciences,S15,2014-2015
AS,Sophomore,"Mathematics, General Mathematics",Mathematical Sciences,S15,2014-2015
AS,Sophomore,"Mathematics, Statistics",Mathematical Sciences,S15,2014-2015
AS,Sophomore,"Mathematics, Statistics",Mathematical Sciences,S15,2014-2015
GC,Sophomore,"Mathematics, Statistics",Mathematical Sciences,S15,2014-2015
AS,Sophomore,Statistics,Mathematical Sciences,S15,2014-2015
CB,Senior,Economics,Other,S15,2014-2015
CB,Senior,"Economics, International Economics",Other,S15,2014-2015
FA,Sophomore,"Communication, Journalism",Other,S15,2014-2015
CB,Senior,Finance and Banking,Other,S15,2014-2015
AS,Junior,"Psychology, Business",Other,S15,2014-2015
AS,Junior,"Psychology, Natural Science",Other,S15,2014-2015
AS,Senior,"Psychology, Natural Science",Other,S15,2014-2015
AS,Senior,"Psychology, Natural Science",Other,S15,2014-2015
AS,Junior,Environmental Science,Other Sciences,S15,2014-2015
AS,Junior,Environmental Science,Other Sciences,S15,2014-2015
AS,Junior,Environmental Science,Other Sciences,S15,2014-2015
AS,Junior,Environmental Science,Other Sciences,S15,2014-2015
AS,Senior,Environmental Science,Other Sciences,S15,2014-2015
AS,Senior,"Biology, Cell/Molecular Bio",Other Sciences,S15,2014-2015
AS,Junior,Computer Science,Computer Science,Sum15,2014-2015
AS,Junior,Computer Science,Computer Science,Sum15,2014-2015
AS,Junior,Computer Science,Computer Science,Sum15,2014-2015
AS,Junior,Computer Science,Computer Science,Sum15,2014-2015
AS,Junior,Computer Science,Computer Science,Sum15,2014-2015
AS,Senior,Computer Science,Computer Science,Sum15,2014-2015
AS,Senior,Computer Science,Computer Science,Sum15,2014-2015
AS,Senior,Computer Science,Computer Science,Sum15,2014-2015
AS,Senior,Computer Science,Computer Science,Sum15,2014-2015
AS,Senior,Computer Science,Computer Science,Sum15,2014-2015
AS,Senior,Computer Science,Computer Science,Sum15,2014-2015
AS,Senior,Computer Science,Computer Science,Sum15,2014-2015
AS,Senior,Computer Science,Computer Science,Sum15,2014-2015
AS,Senior,Computer Science,Computer Science,Sum15,2014-2015
AS,Senior,Computer Science,Computer Science,Sum15,2014-2015
AS,Senior,Computer Science,Computer Science,Sum15,2014-2015
AS,Senior,"Mathematics, General Mathematics",Mathematical Sciences,Sum15,2014-2015
AS,Senior,"Mathematics, Sec Education",Mathematical Sciences,Sum15,2014-2015
AS,Senior,"Psychology, Natural Science",Other,Sum15,2014-2015
AS,Senior,"Psychology, Natural Science",Other,Sum15,2014-2015
AS,Senior,Environmental Science,Other Sciences,Sum15,2014-2015
AS,Senior,Environmental Science,Other Sciences,Sum15,2014-2015
AS,Senior,Environmental Science,Other Sciences,Sum15,2014-2015
AS,Senior,Environmental Science,Other Sciences,Sum15,2014-2015
GC,Freshman,Computer Science,Computer Science,F15,2015-2016
GC,Freshman,Computer Science,Computer Science,F15,2015-2016
AS,Junior,Computer Science,Computer Science,F15,2015-2016
AS,Junior,Computer Science,Computer Science,F15,2015-2016
AS,Junior,Computer Science,Computer Science,F15,2015-2016
AS,Junior,Computer Science,Computer Science,F15,2015-2016
AS,Junior,Computer Science,Computer Science,F15,2015-2016
AS,Junior,Computer Science,Computer Science,F15,2015-2016
AS,Junior,Computer Science,Computer Science,F15,2015-2016
AS,Junior,Computer Science,Computer Science,F15,2015-2016
AS,Junior,Computer Science,Computer Science,F15,2015-2016
AS,Junior,Computer Science,Computer Science,F15,2015-2016
GC,Junior,Computer Science,Computer Science,F15,2015-2016
AS,Junior,Computer Science,Computer Science,F15,2015-2016
AS,Junior,Computer Science,Computer Science,F15,2015-2016
AS,Junior,Computer Science,Computer Science,F15,2015-2016
AS,Junior,Computer Science,Computer Science,F15,2015-2016
AS,Junior,Computer Science,Computer Science,F15,2015-2016
AS,Junior,Computer Science,Computer Science,F15,2015-2016
AS,Junior,Computer Science,Computer Science,F15,2015-2016
AS,Junior,Computer Science,Computer Science,F15,2015-2016
AS,Junior,Computer Science,Computer Science,F15,2015-2016
AS,Junior,Computer Science,Computer Science,F15,2015-2016
AS,Junior,Computer Science,Computer Science,F15,2015-2016
AS,Junior,Computer Science,Computer Science,F15,2015-2016
AS,Junior,Computer Science,Computer Science,F15,2015-2016
AS,Junior,Computer Science,Computer Science,F15,2015-2016
AS,Junior,Computer Science,Computer Science,F15,2015-2016
AS,Junior,Computer Science,Computer Science,F15,2015-2016
AS,Junior,Computer Science,Computer Science,F15,2015-2016
GC,Junior,Computer Science,Computer Science,F15,2015-2016
AS,Junior,Computer Science,Computer Science,F15,2015-2016
AS,Junior,Computer Science,Computer Science,F15,2015-2016
AS,Junior,Computer Science,Computer Science,F15,2015-2016
AS,Junior,Computer Science,Computer Science,F15,2015-2016
AS,Junior,Computer Science,Computer Science,F15,2015-2016
AS,Junior,Computer Science,Computer Science,F15,2015-2016
AS,Junior,Computer Science,Computer Science,F15,2015-2016
AS,Senior,Computer Science,Computer Science,F15,2015-2016
AS,Senior,Computer Science,Computer Science,F15,2015-2016
AS,Senior,Computer Science,Computer Science,F15,2015-2016
AS,Senior,Computer Science,Computer Science,F15,2015-2016
AS,Senior,Computer Science,Computer Science,F15,2015-2016
AS,Senior,Computer Science,Computer Science,F15,2015-2016
AS,Senior,Computer Science,Computer Science,F15,2015-2016
AS,Senior,Computer Science,Computer Science,F15,2015-2016
AS,Senior,Computer Science,Computer Science,F15,2015-2016
GC,Senior,Computer Science,Computer Science,F15,2015-2016
AS,Senior,Computer Science,Computer Science,F15,2015-2016
AS,Senior,Computer Science,Computer Science,F15,2015-2016
AS,Senior,Computer Science,Computer Science,F15,2015-2016
AS,Senior,Computer Science,Computer Science,F15,2015-2016
AS,Senior,Computer Science,Computer Science,F15,2015-2016
AS,Senior,Computer Science,Computer Science,F15,2015-2016
AS,Senior,Computer Science,Computer Science,F15,2015-2016
AS,Senior,Computer Science,Computer Science,F15,2015-2016
AS,Senior,Computer Science,Computer Science,F15,2015-2016
GC,Senior,Computer Science,Computer Science,F15,2015-2016
AS,Sophomore,Computer Science,Computer Science,F15,2015-2016
AS,Sophomore,Computer Science,Computer Science,F15,2015-2016
AS,Sophomore,Computer Science,Computer Science,F15,2015-2016
AS,Sophomore,Computer Science,Computer Science,F15,2015-2016
AS,Sophomore,Computer Science,Computer Science,F15,2015-2016
AS,Sophomore,Computer Science,Computer Science,F15,2015-2016
AS,Sophomore,Computer Science,Computer Science,F15,2015-2016
AS,Sophomore,Computer Science,Computer Science,F15,2015-2016
AS,Sophomore,Computer Science,Computer Science,F15,2015-2016
AS,Sophomore,Computer Science,Computer Science,F15,2015-2016
AS,Senior,Actuarial Science,Mathematical Sciences,F15,2015-2016
AS,Senior,Actuarial Science,Mathematical Sciences,F15,2015-2016
AS,Sophomore,Actuarial Science,Mathematical Sciences,F15,2015-2016
AS,Sophomore,Actuarial Science,Mathematical Sciences,F15,2015-2016
GC,Sophomore,Actuarial Science,Mathematical Sciences,F15,2015-2016
AS,Sophomore,Actuarial Science,Mathematical Sciences,F15,2015-2016
AS,Sophomore,Actuarial Science,Mathematical Sciences,F15,2015-2016
AS,Sophomore,Actuarial Science,Mathematical Sciences,F15,2015-2016
GC,Sophomore,Actuarial Science,Mathematical Sciences,F15,2015-2016
AS,Sophomore,Actuarial Science,Mathematical Sciences,F15,2015-2016
GC,Freshman,"Mathematics, Business",Mathematical Sciences,F15,2015-2016
GC,Freshman,"Mathematics, Business",Mathematical Sciences,F15,2015-2016
GC,Freshman,"Mathematics, Business",Mathematical Sciences,F15,2015-2016
GC,Freshman,"Mathematics, Business",Mathematical Sciences,F15,2015-2016
AS,Junior,Actuarial Science,Mathematical Sciences,F15,2015-2016
AS,Junior,Actuarial Science,Mathematical Sciences,F15,2015-2016
AS,Junior,Actuarial Science,Mathematical Sciences,F15,2015-2016
AS,Junior,Actuarial Science,Mathematical Sciences,F15,2015-2016
AS,Junior,Actuarial Science,Mathematical Sciences,F15,2015-2016
AS,Junior,Actuarial Science,Mathematical Sciences,F15,2015-2016
AS,Junior,Actuarial Science,Mathematical Sciences,F15,2015-2016
AS,Junior,Actuarial Science,Mathematical Sciences,F15,2015-2016
AS,Junior,Actuarial Science,Mathematical Sciences,F15,2015-2016
AS,Junior,Actuarial Science,Mathematical Sciences,F15,2015-2016
AS,Junior,Actuarial Science,Mathematical Sciences,F15,2015-2016
AS,Junior,Actuarial Science,Mathematical Sciences,F15,2015-2016
AS,Junior,"Mathematics, Business",Mathematical Sciences,F15,2015-2016
AS,Junior,"Mathematics, Business",Mathematical Sciences,F15,2015-2016
AS,Junior,"Mathematics, Computation",Mathematical Sciences,F15,2015-2016
AS,Junior,"Mathematics, Computation",Mathematical Sciences,F15,2015-2016
AS,Junior,"Mathematics, Computation",Mathematical Sciences,F15,2015-2016
AS,Junior,"Mathematics, Computation",Mathematical Sciences,F15,2015-2016
AS,Junior,"Mathematics, Computation",Mathematical Sciences,F15,2015-2016
AS,Junior,"Mathematics, Computation",Mathematical Sciences,F15,2015-2016
AS,Junior,"Mathematics, General Mathematics",Mathematical Sciences,F15,2015-2016
AS,Junior,"Mathematics, General Mathematics",Mathematical Sciences,F15,2015-2016
AS,Junior,Statistics,Mathematical Sciences,F15,2015-2016
AS,Junior,Statistics,Mathematical Sciences,F15,2015-2016
AS,Senior,"Mathematics, Business",Mathematical Sciences,F15,2015-2016
AS,Senior,"Mathematics, Business",Mathematical Sciences,F15,2015-2016
AS,Senior,"Mathematics, Business",Mathematical Sciences,F15,2015-2016
AS,Senior,"Mathematics, Business",Mathematical Sciences,F15,2015-2016
AS,Senior,"Mathematics, Physical Sciences",Mathematical Sciences,F15,2015-2016
AS,Senior,"Mathematics, Physical Sciences",Mathematical Sciences,F15,2015-2016
AS,Senior,"Mathematics, Statistics",Mathematical Sciences,F15,2015-2016
AS,Senior,"Mathematics, Statistics",Mathematical Sciences,F15,2015-2016
AS,Sophomore,"Mathematics, Statistics",Mathematical Sciences,F15,2015-2016
GC,Sophomore,"Mathematics, Statistics",Mathematical Sciences,F15,2015-2016
AS,Sophomore,"Mathematics, Statistics",Mathematical Sciences,F15,2015-2016
GC,Sophomore,"Mathematics, Statistics",Mathematical Sciences,F15,2015-2016
GS,Graduate Certificate Program,Business Analytics,Other,F15,2015-2016
FA,Junior,"Sustainable Development, Agroecology & Sustainable Agri",Other,F15,2015-2016
FA,Junior,"Sustainable Development, Agroecology & Sustainable Agri",Other,F15,2015-2016
GS,Graduate Certificate Program,Business Analytics,Other,F15,2015-2016
CB,Senior,Finance and Banking,Other,F15,2015-2016
CB,Senior,Finance and Banking,Other,F15,2015-2016
AS,Senior,"Sociology, Applied Research Methods",Other,F15,2015-2016
AS,Senior,"Sociology, Applied Research Methods",Other,F15,2015-2016
AS,Sophomore,Criminal Justice,Other,F15,2015-2016
AS,Sophomore,Criminal Justice,Other,F15,2015-2016
AS,Junior,Environmental Science,Other Sciences,F15,2015-2016
AS,Junior,Environmental Science,Other Sciences,F15,2015-2016
AS,Junior,Environmental Science,Other Sciences,F15,2015-2016
AS,Junior,Environmental Science,Other Sciences,F15,2015-2016
AS,Senior,Environmental Science,Other Sciences,F15,2015-2016
AS,Senior,Environmental Science,Other Sciences,F15,2015-2016
AS,Senior,Environmental Science,Other Sciences,F15,2015-2016
AS,Senior,Environmental Science,Other Sciences,F15,2015-2016
AS,Senior,Environmental Science,Other Sciences,F15,2015-2016
AS,Senior,Environmental Science,Other Sciences,F15,2015-2016
AS,Sophomore,Environmental Science,Other Sciences,F15,2015-2016
AS,Sophomore,Environmental Science,Other Sciences,F15,2015-2016
AS,Junior,"Chemistry, Environmental",Other Sciences,F15,2015-2016
AS,Junior,"Chemistry, Environmental",Other Sciences,F15,2015-2016
AS,Junior,"Physics, Applied Physics",Other Sciences,F15,2015-2016
AS,Junior,"Physics, Applied Physics",Other Sciences,F15,2015-2016
AS,Senior,"Physics, Applied Physics",Other Sciences,F15,2015-2016
AS,Senior,"Physics, Applied Physics",Other Sciences,F15,2015-2016
AS,Junior,Computer Science,Computer Science,Sum16,2015-2016
AS,Junior,Computer Science,Computer Science,Sum16,2015-2016
AS,Junior,Computer Science,Computer Science,Sum16,2015-2016
AS,Junior,Computer Science,Computer Science,Sum16,2015-2016
AS,Senior,Computer Science,Computer Science,Sum16,2015-2016
AS,Senior,Computer Science,Computer Science,Sum16,2015-2016
AS,Senior,Computer Science,Computer Science,Sum16,2015-2016
AS,Senior,Computer Science,Computer Science,Sum16,2015-2016
AS,Senior,Computer Science,Computer Science,Sum16,2015-2016
AS,Senior,Computer Science,Computer Science,Sum16,2015-2016
AS,Senior,Computer Science,Computer Science,Sum16,2015-2016
AS,Senior,Computer Science,Computer Science,Sum16,2015-2016
AS,Senior,Computer Science,Computer Science,Sum16,2015-2016
GC,Sophomore,Computer Science,Computer Science,Sum16,2015-2016
AS,Senior,"Mathematics, Physical Sciences",Mathematical Sciences,Sum16,2015-2016
CB,Junior,Accounting,Other,Sum16,2015-2016
AS,Senior,Environmental Science,Other Sciences,Sum16,2015-2016
AS,Senior,Environmental Science,Other Sciences,Sum16,2015-2016
AS,Senior,Environmental Science,Other Sciences,Sum16,2015-2016
AS,Senior,Environmental Science,Other Sciences,Sum16,2015-2016
AS,Senior,"Chemistry, Fermentation Sciences",Other Sciences,Sum16,2015-2016
AS,Junior,"Chemistry, Certified Chemist",Other Sciences,Sum16,2015-2016
AS,Junior,Computer Science,Computer Science,F16,2016-2017
AS,Junior,Computer Science,Computer Science,F16,2016-2017
AS,Junior,Computer Science,Computer Science,F16,2016-2017
AS,Junior,Computer Science,Computer Science,F16,2016-2017
AS,Junior,Computer Science,Computer Science,F16,2016-2017
AS,Junior,Computer Science,Computer Science,F16,2016-2017
AS,Junior,Computer Science,Computer Science,F16,2016-2017
AS,Junior,Computer Science,Computer Science,F16,2016-2017
AS,Junior,Computer Science,Computer Science,F16,2016-2017
AS,Junior,Computer Science,Computer Science,F16,2016-2017
AS,Junior,Computer Science,Computer Science,F16,2016-2017
AS,Senior,Computer Science,Computer Science,F16,2016-2017
AS,Senior,Computer Science,Computer Science,F16,2016-2017
AS,Senior,Computer Science,Computer Science,F16,2016-2017
AS,Senior,Computer Science,Computer Science,F16,2016-2017
AS,Senior,Computer Science,Computer Science,F16,2016-2017
AS,Senior,Computer Science,Computer Science,F16,2016-2017
AS,Senior,Computer Science,Computer Science,F16,2016-2017
AS,Senior,Computer Science,Computer Science,F16,2016-2017
AS,Senior,Computer Science,Computer Science,F16,2016-2017
AS,Senior,Computer Science,Computer Science,F16,2016-2017
AS,Senior,Computer Science,Computer Science,F16,2016-2017
AS,Senior,Computer Science,Computer Science,F16,2016-2017
AS,Senior,Computer Science,Computer Science,F16,2016-2017
AS,Senior,Computer Science,Computer Science,F16,2016-2017
AS,Senior,Computer Science,Computer Science,F16,2016-2017
AS,Senior,Computer Science,Computer Science,F16,2016-2017
AS,Senior,Computer Science,Computer Science,F16,2016-2017
AS,Sophomore,Computer Science,Computer Science,F16,2016-2017
AS,Sophomore,Computer Science,Computer Science,F16,2016-2017
AS,Junior,Actuarial Science,Mathematical Sciences,F16,2016-2017
AS,Junior,Actuarial Science,Mathematical Sciences,F16,2016-2017
AS,Senior,Actuarial Science,Mathematical Sciences,F16,2016-2017
AS,Sophomore,Actuarial Science,Mathematical Sciences,F16,2016-2017
AS,Sophomore,Actuarial Science,Mathematical Sciences,F16,2016-2017
AS,Sophomore,Actuarial Science,Mathematical Sciences,F16,2016-2017
GC,Sophomore,Actuarial Science,Mathematical Sciences,F16,2016-2017
AS,Sophomore,Actuarial Science,Mathematical Sciences,F16,2016-2017
AS,Sophomore,Actuarial Science,Mathematical Sciences,F16,2016-2017
AS,Junior,"Mathematics, Business",Mathematical Sciences,F16,2016-2017
AS,Junior,"Mathematics, Business",Mathematical Sciences,F16,2016-2017
AS,Junior,"Mathematics, General Mathematics",Mathematical Sciences,F16,2016-2017
AS,Junior,"Mathematics, Life Sciences",Mathematical Sciences,F16,2016-2017
AS,Junior,"Mathematics, Statistics",Mathematical Sciences,F16,2016-2017
AS,Senior,"Mathematics, Business",Mathematical Sciences,F16,2016-2017
AS,Senior,"Mathematics, Computation",Mathematical Sciences,F16,2016-2017
AS,Senior,"Mathematics, General Mathematics",Mathematical Sciences,F16,2016-2017
AS,Senior,"Mathematics, Life Sciences",Mathematical Sciences,F16,2016-2017
AS,Senior,"Mathematics, Life Sciences",Mathematical Sciences,F16,2016-2017
AS,Senior,"Mathematics, Life Sciences",Mathematical Sciences,F16,2016-2017
AS,Sophomore,"Mathematics, Business",Mathematical Sciences,F16,2016-2017
AS,Sophomore,"Mathematics, Computation",Mathematical Sciences,F16,2016-2017
AS,Sophomore,"Mathematics, General Mathematics",Mathematical Sciences,F16,2016-2017
AS,Sophomore,"Mathematics, General Mathematics",Mathematical Sciences,F16,2016-2017
AS,Sophomore,"Mathematics, Statistics",Mathematical Sciences,F16,2016-2017
CB,Sophomore,Computer Information Systems,Other,F16,2016-2017
AS,Junior,History,Other,F16,2016-2017
AS,Senior,"Geography, General Geography",Other,F16,2016-2017
HS,Senior,Health Care Management,Other,F16,2016-2017
AS,Senior,"Interdisciplinary Studies, Individually Designed",Other,F16,2016-2017
AS,Senior,"Psychology, Social Science",Other,F16,2016-2017
AS,Junior,"Chemistry, Environmental",Other Sciences,F16,2016-2017
AS,Junior,Environmental Science,Other Sciences,F16,2016-2017
AS,Senior,"Chemistry, Environmental",Other Sciences,F16,2016-2017
AS,Senior,"Chemistry, Environmental",Other Sciences,F16,2016-2017
AS,Senior,Environmental Science,Other Sciences,F16,2016-2017
AS,Senior,Environmental Science,Other Sciences,F16,2016-2017
GC,Sophomore,"Chemistry, Environmental",Other Sciences,F16,2016-2017
AS,Sophomore,Environmental Science,Other Sciences,F16,2016-2017
AS,Senior,"Biology, Ecology,Evol & Environ Biology",Other Sciences,F16,2016-2017
AS,Senior,"Chemistry, Individually Designed",Other Sciences,F16,2016-2017
AS,Senior,"Physics, Applied Physics",Other Sciences,F16,2016-2017
AS,Junior,Computer Science,Computer Science,Sum17,2016-2017
AS,Junior,Computer Science,Computer Science,Sum17,2016-2017
GC,Junior,Computer Science,Computer Science,Sum17,2016-2017
AS,Junior,Computer Science,Computer Science,Sum17,2016-2017
AS,Junior,Computer Science,Computer Science,Sum17,2016-2017
AS,Junior,Computer Science,Computer Science,Sum17,2016-2017
AS,Senior,Computer Science,Computer Science,Sum17,2016-2017
AS,Senior,Computer Science,Computer Science,Sum17,2016-2017
AS,Senior,Computer Science,Computer Science,Sum17,2016-2017
AS,Senior,Computer Science,Computer Science,Sum17,2016-2017
AS,Senior,Computer Science,Computer Science,Sum17,2016-2017
AS,Senior,Computer Science,Computer Science,Sum17,2016-2017
AS,Senior,Computer Science,Computer Science,Sum17,2016-2017
AS,Senior,Computer Science,Computer Science,Sum17,2016-2017
AS,Senior,Computer Science,Computer Science,Sum17,2016-2017
AS,Senior,Computer Science,Computer Science,Sum17,2016-2017
AS,Senior,Computer Science,Computer Science,Sum17,2016-2017
GC,Freshman,Actuarial Science,Mathematical Sciences,Sum17,2016-2017
AS,Senior,Actuarial Science,Mathematical Sciences,Sum17,2016-2017
AS,Junior,"Mathematics, Computation",Mathematical Sciences,Sum17,2016-2017
AS,Junior,"Mathematics, General Mathematics",Mathematical Sciences,Sum17,2016-2017
AS,Junior,"Mathematics, Statistics",Mathematical Sciences,Sum17,2016-2017
AS,Senior,"Mathematics, Life Sciences",Mathematical Sciences,Sum17,2016-2017
AS,Junior,Environmental Science,Other Sciences,Sum17,2016-2017
AS,Senior,"Chemistry, Environmental",Other Sciences,Sum17,2016-2017
AS,Senior,Environmental Science,Other Sciences,Sum17,2016-2017
AS,Senior,Environmental Science,Other Sciences,Sum17,2016-2017
AS,Senior,Environmental Science,Other Sciences,Sum17,2016-2017
AS,Senior,Environmental Science,Other Sciences,Sum17,2016-2017
AS,Senior,Environmental Science,Other Sciences,Sum17,2016-2017
AS,Senior,Environmental Science,Other Sciences,Sum17,2016-2017
AS,Senior,Environmental Science,Other Sciences,Sum17,2016-2017
AS,Senior,"Chemistry, Preprofessional & Paramedical",Other Sciences,Sum17,2016-2017
AS,Junior,Computer Science,Computer Science,S18,2017-2018
AS,Junior,Computer Science,Computer Science,S18,2017-2018
AS,Junior,Computer Science,Computer Science,S18,2017-2018
AS,Junior,Computer Science,Computer Science,S18,2017-2018
AS,Junior,Computer Science,Computer Science,S18,2017-2018
AS,Junior,Computer Science,Computer Science,S18,2017-2018
AS,Junior,Computer Science,Computer Science,S18,2017-2018
AS,Junior,Computer Science,Computer Science,S18,2017-2018
AS,Senior,Computer Science,Computer Science,S18,2017-2018
AS,Senior,Computer Science,Computer Science,S18,2017-2018
AS,Senior,Computer Science,Computer Science,S18,2017-2018
AS,Senior,Computer Science,Computer Science,S18,2017-2018
AS,Senior,Computer Science,Computer Science,S18,2017-2018
AS,Senior,Computer Science,Computer Science,S18,2017-2018
AS,Senior,Computer Science,Computer Science,S18,2017-2018
AS,Senior,Computer Science,Computer Science,S18,2017-2018
AS,Senior,Computer Science,Computer Science,S18,2017-2018
AS,Sophomore,Computer Science,Computer Science,S18,2017-2018
AS,Senior,Actuarial Science,Mathematical Sciences,S18,2017-2018
AS,Junior,"Mathematics, General Mathematics",Mathematical Sciences,S18,2017-2018
ED,Junior,"Middle Grades Education, Mathematics",Mathematical Sciences,S18,2017-2018
AS,Senior,"Mathematics, Business",Mathematical Sciences,S18,2017-2018
AS,Senior,"Mathematics, Business",Mathematical Sciences,S18,2017-2018
AS,Senior,"Mathematics, General Mathematics",Mathematical Sciences,S18,2017-2018
AS,Sophomore,"Mathematics, Business",Mathematical Sciences,S18,2017-2018
FA,Sophomore,"Theatre Arts, Performance",Other,S18,2017-2018
AS,Senior,"Political Science, American Politics",Other,S18,2017-2018
AS,Senior,"Psychology, Natural Science",Other,S18,2017-2018
AS,Junior,Environmental Science,Other Sciences,S18,2017-2018
AS,Junior,"Environmental Science, Environmental Professional",Other Sciences,S18,2017-2018
AS,Senior,Environmental Science,Other Sciences,S18,2017-2018
AS,Senior,Environmental Science,Other Sciences,S18,2017-2018
AS,Senior,"Environmental Science, Environmental Professional",Other Sciences,S18,2017-2018
AS,Sophomore,"Environmental Science, Environmental Professional",Other Sciences,S18,2017-2018
AS,Senior,"Physics, Applied Physics",Other Sciences,S18,2017-2018
AS,Senior,Geology,Other Sciences,S18,2017-2018
AS,Junior,Computer Science,Computer Science,Sum18,2017-2018
AS,Junior,Computer Science,Computer Science,Sum18,2017-2018
AS,Senior,Computer Science,Computer Science,Sum18,2017-2018
AS,Senior,Computer Science,Computer Science,Sum18,2017-2018
AS,Senior,Computer Science,Computer Science,Sum18,2017-2018
AS,Senior,Computer Science,Computer Science,Sum18,2017-2018
AS,Senior,Computer Science,Computer Science,Sum18,2017-2018
AS,Sophomore,Computer Science,Computer Science,Sum18,2017-2018
AS,Senior,Mathematics,Mathematical Sciences,Sum18,2017-2018
AS,Senior,"Mathematics, Business",Mathematical Sciences,Sum18,2017-2018
AS,Senior,"Mathematics, General Mathematics",Mathematical Sciences,Sum18,2017-2018
AS,Senior,"Mathematics, General Mathematics",Mathematical Sciences,Sum18,2017-2018
AS,Senior,"Mathematics, Life Sciences",Mathematical Sciences,Sum18,2017-2018
AS,Senior,"Mathematics, Life Sciences",Mathematical Sciences,Sum18,2017-2018
AS,Sophomore,"Mathematics, Computation",Mathematical Sciences,Sum18,2017-2018
AS,Junior,Environmental Science,Other Sciences,Sum18,2017-2018
AS,Junior,Environmental Science,Other Sciences,Sum18,2017-2018
AS,Senior,Environmental Science,Other Sciences,Sum18,2017-2018
AS,Senior,"Physics, Applied Physics",Other Sciences,Sum18,2017-2018
AS,Senior,"Physics, Applied Physics",Other Sciences,Sum18,2017-2018
AS,Senior,"Physics, Applied Physics",Other Sciences,Sum18,2017-2018
AS,Senior,"Geology, Paleontology",Other Sciences,Sum18,2017-2018
AS,Junior,Computer Science,Computer Science,F18,2018-2019
AS,Junior,Computer Science,Computer Science,F18,2018-2019
AS,Junior,Computer Science,Computer Science,F18,2018-2019
AS,Junior,Computer Science,Computer Science,F18,2018-2019
AS,Junior,Computer Science,Computer Science,F18,2018-2019
AS,Junior,Computer Science,Computer Science,F18,2018-2019
AS,Junior,Computer Science,Computer Science,F18,2018-2019
AS,Junior,Computer Science,Computer Science,F18,2018-2019
AS,Junior,Computer Science,Computer Science,F18,2018-2019
AS,Junior,Computer Science,Computer Science,F18,2018-2019
AS,Junior,Computer Science,Computer Science,F18,2018-2019
AS,Junior,Computer Science,Computer Science,F18,2018-2019
AS,Junior,Computer Science,Computer Science,F18,2018-2019
AS,Junior,Computer Science,Computer Science,F18,2018-2019
AS,Junior,Computer Science,Computer Science,F18,2018-2019
AS,Senior,Computer Science,Computer Science,F18,2018-2019
AS,Senior,Computer Science,Computer Science,F18,2018-2019
AS,Senior,Computer Science,Computer Science,F18,2018-2019
AS,Senior,Computer Science,Computer Science,F18,2018-2019
AS,Senior,Computer Science,Computer Science,F18,2018-2019
AS,Senior,Computer Science,Computer Science,F18,2018-2019
AS,Senior,Computer Science,Computer Science,F18,2018-2019
GC,Sophomore,Computer Science,Computer Science,F18,2018-2019
GC,Sophomore,Computer Science,Computer Science,F18,2018-2019
AS,Sophomore,Computer Science,Computer Science,F18,2018-2019
AS,Junior,Actuarial Science,Mathematical Sciences,F18,2018-2019
AS,Junior,Actuarial Science,Mathematical Sciences,F18,2018-2019
AS,Junior,Actuarial Science,Mathematical Sciences,F18,2018-2019
AS,Sophomore,Actuarial Science,Mathematical Sciences,F18,2018-2019
AS,Sophomore,Actuarial Science,Mathematical Sciences,F18,2018-2019
AS,Sophomore,Actuarial Science,Mathematical Sciences,F18,2018-2019
AS,Sophomore,Actuarial Science,Mathematical Sciences,F18,2018-2019
AS,Sophomore,Actuarial Science,Mathematical Sciences,F18,2018-2019
AS,Sophomore,Actuarial Science,Mathematical Sciences,F18,2018-2019
GC,Sophomore,Actuarial Science,Mathematical Sciences,F18,2018-2019
AS,Junior,"Mathematics, Business",Mathematical Sciences,F18,2018-2019
AS,Junior,"Mathematics, General Mathematics",Mathematical Sciences,F18,2018-2019
AS,Junior,"Mathematics, Statistics",Mathematical Sciences,F18,2018-2019
AS,Junior,"Mathematics, Statistics",Mathematical Sciences,F18,2018-2019
AS,Junior,"Mathematics, Statistics",Mathematical Sciences,F18,2018-2019
AS,Senior,"Mathematics, Business",Mathematical Sciences,F18,2018-2019
AS,Senior,"Mathematics, Computation",Mathematical Sciences,F18,2018-2019
AS,Senior,"Mathematics, General Mathematics",Mathematical Sciences,F18,2018-2019
AS,Senior,"Mathematics, General Mathematics",Mathematical Sciences,F18,2018-2019
GC,Sophomore,"Mathematics, Life Sciences",Mathematical Sciences,F18,2018-2019
AS,Sophomore,"Mathematics, Statistics",Mathematical Sciences,F18,2018-2019
AS,Sophomore,"Mathematics, Statistics",Mathematical Sciences,F18,2018-2019
AS,Senior,"Geology, Paleontology",Other,F18,2018-2019
AS,Senior,"Geology, Paleontology",Other,F18,2018-2019
AS,Senior,Psychology,Other,F18,2018-2019
AS,Senior,"Psychology, Natural Science",Other,F18,2018-2019
AS,Junior,Environmental Science,Other Sciences,F18,2018-2019
AS,Senior,"Chemistry, Environmental",Other Sciences,F18,2018-2019
AS,Senior,Environmental Science,Other Sciences,F18,2018-2019
AS,Senior,Environmental Science,Other Sciences,F18,2018-2019
AS,Sophomore,Environmental Science,Other Sciences,F18,2018-2019
GC,Sophomore,"Environmental Science, Environmental Professional",Other Sciences,F18,2018-2019
AS,Senior,Fermentation Sciences,Other Sciences,F18,2018-2019
AS,Junior,"Physics, Applied Physics",Other Sciences,F18,2018-2019
AS,Junior,"Physics, Applied Physics",Other Sciences,F18,2018-2019
AS,Junior,Computer Science,Computer Science,S19,2018-2019
AS,Junior,Computer Science,Computer Science,S19,2018-2019
AS,Senior,Computer Science,Computer Science,S19,2018-2019
AS,Senior,Computer Science,Computer Science,S19,2018-2019
AS,Sophomore,Computer Science,Computer Science,S19,2018-2019
AS,Sophomore,Computer Science,Computer Science,S19,2018-2019
AS,Sophomore,Computer Science,Computer Science,S19,2018-2019
AS,Sophomore,Computer Science,Computer Science,S19,2018-2019
AS,Sophomore,Computer Science,Computer Science,S19,2018-2019
AS,Sophomore,Computer Science,Computer Science,S19,2018-2019
AS,Junior,Mathematics,Mathematical Sciences,S19,2018-2019
AS,Junior,"Mathematics, Computation",Mathematical Sciences,S19,2018-2019
AS,Junior,"Mathematics, General Mathematics",Mathematical Sciences,S19,2018-2019
AS,Junior,"Mathematics, Statistics",Mathematical Sciences,S19,2018-2019
AS,Junior,"Mathematics, Statistics",Mathematical Sciences,S19,2018-2019
AS,Senior,"Mathematics, Computation",Mathematical Sciences,S19,2018-2019
AS,Sophomore,"Mathematics, Business",Mathematical Sciences,S19,2018-2019
AS,Sophomore,"Mathematics, Business",Mathematical Sciences,S19,2018-2019
AS,Sophomore,"Mathematics, Computation",Mathematical Sciences,S19,2018-2019
AS,Sophomore,"Mathematics, General Mathematics",Mathematical Sciences,S19,2018-2019
AS,Senior,"Sociology, Applied Research Methods",Other,S19,2018-2019
AS,Junior,"Chemistry, Environmental",Other Sciences,S19,2018-2019
AS,Senior,"Chemistry, Environmental",Other Sciences,S19,2018-2019
AS,Senior,"Environmental Science, Environmental Professional",Other Sciences,S19,2018-2019
AS,Sophomore,Environmental Science,Other Sciences,S19,2018-2019
AS,Senior,Fermentation Sciences,Other Sciences,S19,2018-2019
AS,Junior,Computer Science,Computer Science,F19,2019-2020
AS,Junior,Computer Science,Computer Science,F19,2019-2020
AS,Junior,Computer Science,Computer Science,F19,2019-2020
AS,Junior,Computer Science,Computer Science,F19,2019-2020
AS,Junior,Computer Science,Computer Science,F19,2019-2020
AS,Junior,Computer Science,Computer Science,F19,2019-2020
GC,Junior,Computer Science,Computer Science,F19,2019-2020
AS,Junior,Computer Science,Computer Science,F19,2019-2020
AS,Junior,Computer Science,Computer Science,F19,2019-2020
AS,Junior,Computer Science,Computer Science,F19,2019-2020
AS,Senior,Computer Science,Computer Science,F19,2019-2020
AS,Senior,Computer Science,Computer Science,F19,2019-2020
AS,Senior,Computer Science,Computer Science,F19,2019-2020
AS,Senior,Computer Science,Computer Science,F19,2019-2020
AS,Senior,Computer Science,Computer Science,F19,2019-2020
AS,Senior,Computer Science,Computer Science,F19,2019-2020
AS,Senior,Computer Science,Computer Science,F19,2019-2020
AS,Senior,Computer Science,Computer Science,F19,2019-2020
AS,Senior,Computer Science,Computer Science,F19,2019-2020
AS,Sophomore,Computer Science,Computer Science,F19,2019-2020
GC,Sophomore,Computer Science,Computer Science,F19,2019-2020
AS,Sophomore,Computer Science,Computer Science,F19,2019-2020
AS,Sophomore,Computer Science,Computer Science,F19,2019-2020
GC,Junior,Actuarial Science,Mathematical Sciences,F19,2019-2020
AS,Junior,Actuarial Science,Mathematical Sciences,F19,2019-2020
AS,Junior,Actuarial Science,Mathematical Sciences,F19,2019-2020
AS,Junior,Actuarial Science,Mathematical Sciences,F19,2019-2020
AS,Senior,Actuarial Science,Mathematical Sciences,F19,2019-2020
AS,Senior,Actuarial Science,Mathematical Sciences,F19,2019-2020
AS,Sophomore,Actuarial Science,Mathematical Sciences,F19,2019-2020
AS,Sophomore,Actuarial Science,Mathematical Sciences,F19,2019-2020
AS,Sophomore,Actuarial Science,Mathematical Sciences,F19,2019-2020
AS,Junior,"Mathematics, General Mathematics",Mathematical Sciences,F19,2019-2020
GC,Junior,"Mathematics, General Mathematics",Mathematical Sciences,F19,2019-2020
GC,Junior,"Mathematics, Physical Sciences",Mathematical Sciences,F19,2019-2020
GC,Junior,"Mathematics, Statistics",Mathematical Sciences,F19,2019-2020
AS,Junior,"Mathematics, Statistics",Mathematical Sciences,F19,2019-2020
AS,Senior,"Mathematics, General Mathematics",Mathematical Sciences,F19,2019-2020
AS,Sophomore,"Mathematics, Business",Mathematical Sciences,F19,2019-2020
AS,Sophomore,"Mathematics, Business",Mathematical Sciences,F19,2019-2020
AS,Sophomore,"Mathematics, Business",Mathematical Sciences,F19,2019-2020
GC,Sophomore,"Mathematics, Computation",Mathematical Sciences,F19,2019-2020
GC,Sophomore,"Mathematics, Statistics",Mathematical Sciences,F19,2019-2020
CB,Senior,Finance and Banking,Other,F19,2019-2020
AS,Junior,Environmental Science,Other Sciences,F19,2019-2020
AS,Junior,Environmental Science,Other Sciences,F19,2019-2020
AS,Junior,Environmental Science,Other Sciences,F19,2019-2020
AS,Junior,Environmental Science,Other Sciences,F19,2019-2020
AS,Junior,"Environmental Science, Earth Systems Science",Other Sciences,F19,2019-2020
AS,Senior,"Chemistry, Environmental",Other Sciences,F19,2019-2020
AS,Senior,"Chemistry, Environmental",Other Sciences,F19,2019-2020
AS,Senior,"Environmental Science, Environmental Professional",Other Sciences,F19,2019-2020
AS,Junior,Fermentation Sciences,Other Sciences,F19,2019-2020
AS,Junior,Fermentation Sciences,Other Sciences,F19,2019-2020
AS,Junior,Fermentation Sciences,Other Sciences,F19,2019-2020
AS,Senior,Fermentation Sciences,Other Sciences,F19,2019-2020
GC,Sophomore,Fermentation Sciences,Other Sciences,F19,2019-2020
AS,Junior,"Chemistry, Biochemistry",Other Sciences,F19,2019-2020
AS,Senior,"Physics, Applied Physics",Other Sciences,F19,2019-2020
